epoca,accuracy,loss,val_accuracy,val_loss,learning_rate
1,0.6492232084274292,0.929836630821228,0.24074074625968933,3.321619749069214,0.0010000000474974513
2,0.7767783999443054,0.5917966961860657,0.46296295523643494,1.522984504699707,0.0010000000474974513
3,0.8127555251121521,0.5105214715003967,0.8611111044883728,0.3513115346431732,0.0010000000474974513
4,0.878986120223999,0.35337719321250916,0.5092592835426331,2.7018887996673584,0.0010000000474974513
5,0.8781684637069702,0.34298044443130493,0.6851851940155029,0.6992740035057068,0.0010000000474974513
6,0.8863450288772583,0.3199087381362915,0.6944444179534912,0.6340686082839966,0.0010000000474974513
7,0.9043335914611816,0.30055761337280273,0.7314814925193787,0.9156365990638733,0.0010000000474974513
8,0.9206868410110474,0.2416967749595642,0.9351851940155029,0.1798795759677887,0.0005000000237487257
9,0.9427636861801147,0.1875966489315033,0.9351851940155029,0.17858409881591797,0.0005000000237487257
10,0.9378577470779419,0.1829037070274353,0.9537037014961243,0.15670756995677948,0.0005000000237487257
11,0.9427636861801147,0.1670512855052948,0.9444444179534912,0.1692391186952591,0.0005000000237487257
12,0.9509403109550476,0.1502537578344345,0.7592592835426331,0.7650920152664185,0.0005000000237487257
13,0.9092395901679993,0.27814096212387085,0.9305555820465088,0.20082741975784302,0.0005000000237487257
14,0.9345870614051819,0.19662709534168243,0.9398148059844971,0.14332988858222961,0.0005000000237487257
15,0.9591169357299805,0.14441527426242828,0.9537037014961243,0.12124799937009811,0.0005000000237487257
16,0.9615699052810669,0.10796764492988586,0.9074074029922485,0.22838717699050903,0.0005000000237487257
17,0.956663966178894,0.12717530131340027,0.9583333134651184,0.10732446610927582,0.0005000000237487257
18,0.956663966178894,0.1388891190290451,0.9768518805503845,0.0984533354640007,0.0005000000237487257
19,0.9427636861801147,0.1810370534658432,0.9351851940155029,0.2026144117116928,0.0005000000237487257
20,0.9599345922470093,0.1316593885421753,0.9398148059844971,0.14418868720531464,0.0005000000237487257
21,0.9681112170219421,0.11382938176393509,0.9629629850387573,0.12313026934862137,0.0005000000237487257
22,0.9517579674720764,0.13920380175113678,0.9629629850387573,0.09327539801597595,0.0005000000237487257
23,0.9648405313491821,0.11214431375265121,0.8240740895271301,0.35202160477638245,0.0005000000237487257
24,0.9623875617980957,0.10735919326543808,0.9490740895271301,0.11137116700410843,0.0005000000237487257
25,0.9632052183151245,0.10656679421663284,0.9583333134651184,0.10187368094921112,0.0005000000237487257
26,0.9681112170219421,0.09824113547801971,0.9537037014961243,0.1648808866739273,0.0005000000237487257
27,0.9771054983139038,0.07380958646535873,0.9537037014961243,0.0968206450343132,0.0002500000118743628
28,0.9787408113479614,0.07147837430238724,0.9537037014961243,0.10825113952159882,0.0002500000118743628
29,0.9623875617980957,0.11281410604715347,0.9675925970077515,0.08537223935127258,0.0002500000118743628
30,0.9779231548309326,0.07525640726089478,0.9675925970077515,0.08632521331310272,0.0002500000118743628
31,0.9771054983139038,0.07213843613862991,0.9629629850387573,0.08819673955440521,0.0002500000118743628
32,0.9836467504501343,0.06281892955303192,0.9768518805503845,0.06324928998947144,0.0002500000118743628
33,0.9852820634841919,0.05951081961393356,0.9675925970077515,0.06671088933944702,0.0002500000118743628
34,0.976287841796875,0.07683652639389038,0.9629629850387573,0.07244369387626648,0.0002500000118743628
35,0.9852820634841919,0.05189674720168114,0.9768518805503845,0.061251070350408554,0.0002500000118743628
36,0.9795584678649902,0.061354268342256546,0.9675925970077515,0.0777522474527359,0.0002500000118743628
37,0.9852820634841919,0.0584079809486866,0.9768518805503845,0.0858965590596199,0.0002500000118743628
38,0.980376124382019,0.061371318995952606,0.9722222089767456,0.06296869367361069,0.0002500000118743628
39,0.9820114374160767,0.05399429053068161,0.9490740895271301,0.15741053223609924,0.0002500000118743628
40,0.9787408113479614,0.06644237786531448,0.9722222089767456,0.06913457810878754,0.0001250000059371814
41,0.9811937808990479,0.06858266890048981,0.9768518805503845,0.04766947403550148,0.0001250000059371814
42,0.9820114374160767,0.05117957293987274,0.9768518805503845,0.04924055561423302,0.0001250000059371814
43,0.9844644069671631,0.0512683242559433,0.9675925970077515,0.05819440633058548,0.0001250000059371814
44,0.9869174361228943,0.04400892183184624,0.9768518805503845,0.04949042201042175,0.0001250000059371814
45,0.9918233752250671,0.039590176194906235,0.9722222089767456,0.05709546431899071,0.0001250000059371814
46,0.9893704056739807,0.04298774152994156,0.9722222089767456,0.051010556519031525,6.25000029685907e-05
47,0.9869174361228943,0.04427085071802139,0.9768518805503845,0.0493006706237793,6.25000029685907e-05
48,0.9877350926399231,0.04426438361406326,0.9861111044883728,0.043818600475788116,6.25000029685907e-05
49,0.9869174361228943,0.040750596672296524,0.9675925970077515,0.05773821845650673,6.25000029685907e-05
50,0.9869174361228943,0.046729378402233124,0.9861111044883728,0.040670767426490784,6.25000029685907e-05
51,0.9893704056739807,0.04019845277070999,0.9768518805503845,0.046703238040208817,6.25000029685907e-05
52,0.9852820634841919,0.04734545201063156,0.9722222089767456,0.04580674692988396,6.25000029685907e-05
53,0.9877350926399231,0.0413932278752327,0.9768518805503845,0.04608303681015968,6.25000029685907e-05
54,0.9877350926399231,0.03986978903412819,0.9722222089767456,0.049813803285360336,6.25000029685907e-05
55,0.9885527491569519,0.04165905341506004,0.9768518805503845,0.044192951172590256,3.125000148429535e-05
56,0.9893704056739807,0.0370083823800087,0.9768518805503845,0.04963456839323044,3.125000148429535e-05
57,0.9885527491569519,0.04314521700143814,0.9861111044883728,0.04282360151410103,3.125000148429535e-05
58,0.9918233752250671,0.033766649663448334,0.9768518805503845,0.0479278638958931,3.125000148429535e-05
59,0.9918233752250671,0.03652222454547882,0.9861111044883728,0.041601553559303284,1.5625000742147677e-05
60,0.9934586882591248,0.03535874933004379,0.9722222089767456,0.049612727016210556,1.5625000742147677e-05
