epoca,accuracy,loss,val_accuracy,val_loss,fase
1,0.7841373682022095,0.7381875514984131,0.9768518805503845,0.20496228337287903,1_extraccion
2,0.9844644069671631,0.13078662753105164,0.9907407164573669,0.11073532700538635,1_extraccion
3,0.9877350926399231,0.0795230120420456,0.9907407164573669,0.07424526661634445,1_extraccion
4,0.9893704056739807,0.06013773754239082,0.9907407164573669,0.06129913404583931,1_extraccion
5,0.9942763447761536,0.04744945466518402,0.9907407164573669,0.049075860530138016,1_extraccion
6,0.995911717414856,0.035935722291469574,0.9953703880310059,0.043097082525491714,1_extraccion
7,0.9950940012931824,0.03202386200428009,0.9953703880310059,0.03738370165228844,1_extraccion
8,0.9975470304489136,0.02324872650206089,0.9953703880310059,0.03363413363695145,1_extraccion
9,0.9991823434829712,0.01958347298204899,0.9953703880310059,0.031657394021749496,1_extraccion
10,0.9991823434829712,0.0169917494058609,0.9953703880310059,0.028455102816224098,1_extraccion
11,0.9983646869659424,0.01792033016681671,0.9953703880310059,0.025329168885946274,1_extraccion
12,0.9983646869659424,0.01487124152481556,0.9953703880310059,0.024586470797657967,1_extraccion
13,0.9983646869659424,0.014393162913620472,0.9953703880310059,0.024322262033820152,1_extraccion
14,0.9975470304489136,0.013456016778945923,0.9953703880310059,0.02232712134718895,1_extraccion
15,0.9991823434829712,0.01093278918415308,0.9953703880310059,0.02481629140675068,1_extraccion
16,0.9991823434829712,0.011971079744398594,0.9953703880310059,0.018332647159695625,1_extraccion
17,0.9975470304489136,0.012938452884554863,0.9953703880310059,0.018658889457583427,1_extraccion
18,1.0,0.01026204414665699,1.0,0.015140218660235405,1_extraccion
19,0.9983646869659424,0.010419626720249653,0.9953703880310059,0.01562591642141342,1_extraccion
20,0.9983646869659424,0.010415490716695786,0.9953703880310059,0.02028430812060833,1_extraccion
21,0.6819297075271606,1.1585631370544434,1.0,0.013520176522433758,2_ajuste_fino
22,0.8937039971351624,0.3531363010406494,0.9953703880310059,0.01974056102335453,2_ajuste_fino
23,0.9574816226959229,0.16094127297401428,0.9953703880310059,0.026103230193257332,2_ajuste_fino
24,0.976287841796875,0.09692288935184479,0.9861111044883728,0.031259842216968536,2_ajuste_fino
25,0.9746524691581726,0.0906308963894844,0.9861111044883728,0.03640839830040932,2_ajuste_fino
26,0.9860997796058655,0.0553470216691494,0.9861111044883728,0.03695576265454292,2_ajuste_fino
27,0.9918233752250671,0.050728511065244675,0.9814814925193787,0.03893718868494034,2_ajuste_fino
28,0.9975470304489136,0.032505761831998825,0.9814814925193787,0.03885769471526146,2_ajuste_fino
29,0.992641031742096,0.02962583675980568,0.9814814925193787,0.037778016179800034,2_ajuste_fino
